Symbol,Entry Date,Exit Date,Entry Price,Exit Price,Position Size,Stop Loss,Take Profit,Exit Reason,Profit/Loss $,Profit/Loss %,Capital After Trade,Trade Duration
AAPL,2024-03-27,2024-04-01,172.49551391601562,169.0456036376953,8.695878321394003,169.0456036376953,179.39533447265626,Stop Loss,-29.999999999999996,-2.0000000000000027,970.0,5
AAPL,2024-05-03,2024-05-15,182.5181884765625,189.818916015625,7.971808246315341,178.86782470703125,189.818916015625,Take Profit,58.199999999999996,4.0000000000000036,1028.2,12
AAPL,2024-05-20,2024-05-23,190.40008544921875,186.59208374023436,8.10031149072849,186.59208374023436,198.0160888671875,Stop Loss,-30.846,-2.000000000000009,997.354,3
AAPL,2024-05-24,2024-06-11,189.3436279296875,196.917373046875,7.9011425753157445,185.55675537109374,196.917373046875,Take Profit,59.84124,4.000000000000007,1057.19524,18
AAPL,2024-06-12,2024-06-21,212.35630798339844,208.10918182373047,7.467604212275027,208.10918182373047,220.85056030273438,Stop Loss,-31.7158572,-2.000000000000001,1025.4793828,9
AAPL,2024-06-26,2024-07-05,212.5356903076172,221.03711791992188,7.237462432656067,208.28497650146485,221.03711791992188,Take Profit,61.5287629680002,4.0000000000000036,1087.008145768,9
AAPL,2024-07-08,2024-07-15,227.056884765625,236.13916015625,7.181073678232943,222.5157470703125,236.13916015625,Take Profit,65.22048874608001,4.0,1152.22863451408,7
AAPL,2024-08-23,2024-09-03,226.3418426513672,221.81500579833983,7.635985160875748,221.81500579833983,235.39551635742188,Stop Loss,-34.566859035422404,-2.000000000000008,1117.6617754786578,11
AAPL,2024-09-26,2024-10-07,227.02035522460938,222.47994812011717,7.384768037911369,222.47994812011717,236.10116943359375,Stop Loss,-33.52985326435973,-2.000000000000007,1084.1319222142981,11
AAPL,2024-10-09,2024-11-01,229.03591918945312,224.45520080566405,7.100187119454786,224.45520080566405,238.19735595703125,Stop Loss,-32.52395766642894,-2.0000000000000058,1051.6079645478692,23
AAPL,2024-11-22,2024-12-02,229.61753845214844,238.80223999023437,6.869736333971403,225.02518768310546,238.80223999023437,Take Profit,63.09647787287196,3.9999999999999973,1114.704442420741,10
AAPL,2024-12-03,2024-12-17,242.3834991455078,252.07883911132814,6.898393122987879,237.53582916259765,252.07883911132814,Take Profit,66.88226654524446,4.000000000000005,1181.5867089659855,14
AAPL,2024-12-19,2024-12-26,249.51565551757812,259.49628173828125,7.103281995562458,244.52534240722656,259.49628173828125,Take Profit,70.89520253795912,4.000000000000002,1252.4819115039447,7
AAPL,2025-02-06,2025-02-07,232.9638671875,228.30458984375,8.064438876024635,228.30458984375,242.282421875,Stop Loss,-37.57445734511834,-2.0000000000000027,1214.9074541588263,1
AAPL,2025-02-11,2025-02-13,232.6199951171875,241.92479492187502,7.834069381353852,227.96759521484375,241.92479492187502,Take Profit,72.8944472495298,4.000000000000008,1287.8019014083561,2
MSFT,2024-04-01,2024-04-15,421.3531188964844,412.9260565185547,4.584522495458496,412.9260565185547,438.2072436523438,Stop Loss,-38.63405704225068,-2.000000000000003,1249.1678443661053,14
MSFT,2024-05-14,2024-05-21,413.40380859375,429.9399609375,4.53249759097039,405.135732421875,429.9399609375,Take Profit,74.95007066196632,4.000000000000004,1324.1179150280716,7
MSFT,2024-05-22,2024-05-30,428.0286865234375,419.4681127929687,4.640289156024464,419.4681127929687,445.149833984375,Stop Loss,-39.723537450842144,-2.0000000000000058,1284.3943775772295,8
MSFT,2024-06-05,2024-06-12,421.5563659667969,438.4186206054688,4.570187338880303,413.12523864746095,438.4186206054688,Take Profit,77.06366265463404,4.000000000000009,1361.4580402318636,7
MSFT,2024-06-17,2024-07-05,445.775390625,463.60640625,4.581201886188801,436.8598828125,463.60640625,Take Profit,81.68748241391206,4.000000000000004,1443.1455226457756,18
MSFT,2024-07-10,2024-07-11,463.55194091796875,454.28090209960936,4.669850545079983,454.28090209960936,482.0940185546875,Stop Loss,-43.294365679373264,-2.0000000000000027,1399.8511569664024,1
MSFT,2024-08-30,2024-09-03,415.4736328125,407.16416015625,5.053935002410154,407.16416015625,432.092578125,Stop Loss,-41.99553470899207,-2.0000000000000058,1357.8556222574102,4
MSFT,2024-09-17,2024-09-24,433.41168212890625,424.74344848632813,4.6994197834758245,424.74344848632813,450.74814941406254,Stop Loss,-40.73566866772231,-1.999999999999998,1317.1199535896878,7
MSFT,2024-10-25,2024-10-31,426.43963623046875,417.91084350585936,4.632965049517055,417.91084350585936,443.4972216796875,Stop Loss,-39.51359860769063,-2.000000000000003,1277.6063549819971,6
MSFT,2024-11-06,2024-11-19,418.50146484375,410.13143554687497,4.579218218957707,410.13143554687497,435.2415234375,Stop Loss,-38.32819064945991,-2.0000000000000075,1239.2781643325372,13
MSFT,2024-11-25,2024-12-04,417.95196533203125,434.6700439453125,4.447681553601588,409.5929260253906,434.6700439453125,Take Profit,74.35668985995223,4.0,1313.6348541924895,9
MSFT,2024-12-05,2024-12-20,441.7342529296875,432.8995678710937,4.460718787868987,432.8995678710937,459.403623046875,Stop Loss,-39.40904562577468,-2.000000000000006,1274.2258085667147,15
MSFT,2025-01-28,2025-01-30,446.30511474609375,437.3790124511719,4.282583035010588,437.3790124511719,464.15731933593753,Stop Loss,-38.22677425700144,-1.999999999999997,1235.9990343097134,2
GOOG,2024-03-26,2024-04-09,151.15689086914062,157.20316650390626,12.265392208084096,148.13375305175782,157.20316650390626,Take Profit,74.15994205858314,4.000000000000007,1310.1589763682964,14
GOOG,2024-04-11,2024-04-15,160.21432495117188,157.01003845214842,12.26630930256315,157.01003845214842,166.62289794921875,Stop Loss,-39.30476929104889,-2.00000000000001,1270.8542070772476,4
GOOG,2024-04-17,2024-04-25,156.31834411621094,153.19197723388672,12.194866324829373,153.19197723388672,162.57107788085938,Stop Loss,-38.12562621231743,-2.000000000000001,1232.72858086493,8
GOOG,2024-04-26,2024-04-29,173.06814575195312,169.60678283691405,10.68418953276109,169.60678283691405,179.99087158203125,Stop Loss,-36.9818574259479,-2.000000000000007,1195.7467234389821,3
GOOG,2024-05-01,2024-05-07,164.9772186279297,171.5763073730469,10.871925833612206,161.6776742553711,171.5763073730469,Take Profit,71.74480340633924,4.000000000000008,1267.4915268453215,6
GOOG,2024-05-13,2024-05-20,170.2881317138672,177.0996569824219,11.164825587860701,166.88236907958984,177.0996569824219,Take Profit,76.04949161071929,4.000000000000009,1343.5410184560408,7
GOOG,2024-05-21,2024-05-23,178.89720153808594,175.3192575073242,11.265193140849723,175.3192575073242,186.0530895996094,Stop Loss,-40.306230553681225,-2.0000000000000053,1303.2347879023596,2
GOOG,2024-05-24,2024-05-31,175.69869995117188,172.18472595214843,11.126161903285581,172.18472595214843,182.72664794921874,Stop Loss,-39.09704363707078,-2.0000000000000067,1264.1377442652888,7
GOOG,2024-06-05,2024-06-25,176.43606567382812,183.49350830078126,10.747273292204309,172.90734436035157,183.49350830078126,Take Profit,75.84826465591762,4.000000000000004,1339.9860089212063,20
GOOG,2024-06-27,2024-07-01,186.4028778076172,182.67482025146484,10.782982736222914,182.67482025146484,193.8589929199219,Stop Loss,-40.199580267636186,-2.0000000000000036,1299.78642865357,4
GOOG,2024-07-02,2024-07-17,186.1534881591797,182.4304183959961,10.473505827154785,182.4304183959961,193.5996276855469,Stop Loss,-38.9935928596071,-1.999999999999997,1260.792835793963,15
GOOG,2024-09-24,2024-10-01,163.45455932617188,169.99274169921875,11.570122372157847,160.18546813964844,169.99274169921875,Take Profit,75.64757014763778,4.000000000000003,1336.4404059416006,7
GOOG,2024-10-04,2024-10-07,168.36898803710938,165.0016082763672,11.906353018351378,165.0016082763672,175.10374755859377,Stop Loss,-40.09321217824802,-1.9999999999999967,1296.3471937633526,3
GOOG,2024-10-14,2024-10-24,166.1614990234375,162.83826904296873,11.702595379033859,162.83826904296873,172.807958984375,Stop Loss,-38.89041581290058,-2.00000000000001,1257.456777950452,10
GOOG,2024-10-28,2024-10-30,168.14923095703125,174.87520019531252,11.217328537218632,164.78624633789062,174.87520019531252,Take Profit,75.44740667702712,4.00000000000001,1332.9041846274793,2
GOOG,2024-11-05,2024-11-06,171.21575927734375,178.0643896484375,11.677407999006467,167.79144409179688,178.0643896484375,Take Profit,79.97425107764876,3.9999999999999987,1412.878435705128,1
GOOG,2024-11-07,2024-11-14,182.0734405517578,178.43197174072264,11.639905563025977,178.43197174072264,189.35637817382812,Stop Loss,-42.386353071153835,-2.000000000000006,1370.4920826339742,7
GOOG,2024-11-19,2024-11-20,179.37649536132812,175.78896545410157,11.460465429486613,175.78896545410157,186.55155517578126,Stop Loss,-41.11476247901923,-1.999999999999995,1329.377320154955,1
GOOG,2024-12-11,2024-12-13,196.7100067138672,192.77580657958984,10.137084602579385,192.77580657958984,204.57840698242188,Stop Loss,-39.881319604648645,-2.0000000000000018,1289.4960005503062,2
GOOG,2024-12-16,2024-12-18,198.16000366210938,194.1968035888672,9.761021220627457,194.1968035888672,206.08640380859376,Stop Loss,-38.68488001650918,-1.999999999999995,1250.811120533797,2
GOOG,2024-12-20,2025-01-02,192.9600067138672,189.10080657958983,9.723344815088323,189.10080657958983,200.67840698242188,Stop Loss,-37.52433361601391,-2.0000000000000075,1213.286786917783,13
GOOG,2025-01-06,2025-01-08,197.9600067138672,194.00080657958983,9.193423513099848,194.00080657958983,205.8784069824219,Stop Loss,-36.39860360753349,-2.0000000000000044,1176.8881833102496,2
GOOG,2025-01-17,2025-01-27,197.5500030517578,193.59900299072265,8.936128816474168,193.59900299072265,205.45200317382813,Stop Loss,-35.306645499307486,-2.0000000000000018,1141.581537810942,10
GOOG,2025-01-30,2025-02-05,202.6300048828125,198.57740478515623,8.450734172891751,198.57740478515623,210.735205078125,Stop Loss,-34.247446134328264,-2.0000000000000084,1107.3340916766138,6
TSLA,2024-04-08,2024-04-11,172.97999572753906,169.52039581298828,9.602272971096415,169.52039581298828,179.89919555664062,Stop Loss,-33.22002275029841,-1.9999999999999987,1074.1140689263154,3
TSLA,2024-05-03,2024-05-07,181.19000244140625,177.56620239257813,8.892163373696638,177.56620239257813,188.4376025390625,Stop Loss,-32.223422067789464,-1.999999999999995,1041.890646858526,4
TSLA,2024-05-14,2024-05-15,177.5500030517578,173.99900299072266,8.802230039006002,173.99900299072266,184.65200317382812,Stop Loss,-31.256719405755778,-1.9999999999999987,1010.6339274527702,1
TSLA,2024-05-17,2024-05-20,177.4600067138672,173.91080657958983,8.542493146771022,173.91080657958983,184.55840698242187,Stop Loss,-30.31901782358311,-2.000000000000007,980.3149096291871,3
TSLA,2024-05-30,2024-05-31,178.7899932861328,175.21419342041014,8.22457866582305,175.21419342041014,185.94159301757813,Stop Loss,-29.409447288875615,-2.000000000000009,950.9054623403115,1
TSLA,2024-06-06,2024-06-10,177.94000244140625,174.38120239257813,8.015950173880404,174.38120239257813,185.05760253906251,Stop Loss,-28.527163870209343,-1.9999999999999962,922.3782984701021,4
TSLA,2024-06-21,2024-06-26,183.00999450683594,190.33039428710939,7.560064964940898,179.34979461669923,190.33039428710939,Take Profit,55.34269790820634,4.000000000000005,977.7209963783084,5
TSLA,2024-06-27,2024-07-01,197.4199981689453,205.31679809570312,7.4287382644609945,193.4715982055664,205.31679809570312,Take Profit,58.6632597826985,3.9999999999999982,1036.384256161007,4
TSLA,2024-07-02,2024-07-03,231.25999450683594,240.5103942871094,6.722201942262693,226.63479461669922,240.5103942871094,Take Profit,62.1830553696606,4.000000000000008,1098.5673115306677,1
TSLA,2024-07-05,2024-07-08,251.52000427246094,246.4896041870117,6.551570210339814,246.4896041870117,261.5808044433594,Stop Loss,-32.95701934592003,-2.0000000000000044,1065.6102921847475,3
TSLA,2024-07-09,2024-07-11,262.3299865722656,257.0833868408203,6.093148020029328,257.0833868408203,272.82318603515625,Stop Loss,-31.96830876554242,-2.000000000000001,1033.6419834192052,2
TSLA,2024-07-12,2024-07-15,248.22999572753906,258.1591955566406,6.2460742126854845,243.2653958129883,258.1591955566406,Take Profit,62.01851900515231,3.9999999999999947,1095.6605024243574,3
TSLA,2024-07-16,2024-07-17,256.55999755859375,251.42879760742187,6.405872970361214,251.42879760742187,266.8223974609375,Stop Loss,-32.869815072730724,-2.0000000000000018,1062.7906873516267,1
TSLA,2024-07-22,2024-07-23,251.50999450683594,246.47979461669922,6.338459965192803,246.47979461669922,261.57039428710937,Stop Loss,-31.8837206205488,-1.9999999999999982,1030.906966731078,1
TSLA,2024-08-23,2024-08-26,220.32000732421875,215.91360717773438,7.018701882217274,215.91360717773438,229.1328076171875,Stop Loss,-30.92720900193234,-1.9999999999999991,999.9797577291456,3
TSLA,2024-09-04,2024-09-05,219.41000366210938,228.18640380859375,6.836377610674789,215.0218035888672,228.18640380859375,Take Profit,59.99878546374873,4.000000000000001,1059.9785431928944,1
TSLA,2024-09-09,2024-09-10,216.27000427246094,224.92080444335937,7.351772244782828,211.94460418701172,224.92080444335937,Take Profit,63.598712591573666,3.9999999999999987,1123.5772557844682,1
TSLA,2024-09-11,2024-09-16,228.1300048828125,223.56740478515624,7.387743162248431,223.56740478515624,237.25520507812502,Stop Loss,-33.70731767353404,-2.0000000000000036,1089.869938110934,5
TSLA,2024-09-17,2024-09-19,227.8699951171875,236.98479492187502,7.174287717545548,223.31259521484375,236.98479492187502,Take Profit,65.39219628665624,4.00000000000001,1155.2621343975902,2
TSLA,2024-09-23,2024-09-26,250.0,260.0,6.9315728063855415,245.0,260.0,Take Profit,69.31572806385542,4.0,1224.5778624614456,3
TSLA,2024-09-27,2024-10-01,260.4599914550781,255.25079162597655,7.0523952006232395,255.25079162597655,270.8783911132813,Stop Loss,-36.73733587384337,-2.0000000000000058,1187.8405265876022,4
TSLA,2024-11-06,2024-11-08,288.5299987792969,300.0711987304688,6.1753051586303735,282.75939880371095,300.0711987304688,Take Profit,71.27043159525648,4.000000000000011,1259.1109581828587,2
TSLA,2024-11-11,2024-11-12,350.0,343.0,5.39618982078368,343.0,364.0,Stop Loss,-37.773328745485756,-2.0,1221.337629437373,1
TSLA,2024-11-13,2024-11-14,330.239990234375,323.6351904296875,5.547500297755772,323.6351904296875,343.44958984375,Stop Loss,-36.640128883121186,-2.000000000000001,1184.6975005542517,1
TSLA,2024-11-15,2024-11-18,320.7200012207031,333.5488012695313,5.540802706621658,314.30560119628905,333.5488012695313,Take Profit,71.08185003325511,4.00000000000001,1255.7793505875068,3
TSLA,2024-11-19,2024-11-20,346.0,339.08,5.444130132604786,339.08,359.84000000000003,Stop Loss,-37.673380517625205,-2.0000000000000044,1218.1059700698816,1
TSLA,2024-11-22,2024-11-25,352.55999755859375,345.50879760742185,5.1825475600111215,345.50879760742185,366.66239746093754,Stop Loss,-36.543179102096445,-2.0000000000000058,1181.562790967785,3
TSLA,2024-11-29,2024-12-02,345.1600036621094,358.9664038085938,5.134848092615883,338.2568035888672,358.9664038085938,Take Profit,70.8937674580671,4.000000000000009,1252.456558425852,3
TSLA,2024-12-04,2024-12-05,357.92999267578125,372.2471923828125,5.248749409330782,350.7713928222656,372.2471923828125,Take Profit,75.14739350555112,4.0,1327.6039519314031,1
TSLA,2024-12-06,2024-12-09,389.2200012207031,381.43560119628904,5.116401833542705,381.43560119628904,404.7888012695313,Stop Loss,-39.82811855794209,-2.0000000000000053,1287.775833373461,3
TSLA,2024-12-10,2024-12-11,400.989990234375,417.02958984375,4.8172368316005745,392.9701904296875,417.02958984375,Take Profit,77.26655000240739,3.9999999999999973,1365.0423833758684,1
TSLA,2024-12-13,2024-12-16,436.2300109863281,453.67921142578126,4.693770541907918,427.5054107666015,453.67921142578126,Take Profit,81.90254300255184,4.000000000000003,1446.9449263784202,3
TSLA,2024-12-17,2024-12-18,479.8599853515625,470.2627856445312,4.523022247786505,470.2627856445312,499.054384765625,Stop Loss,-43.408347791352604,-2.000000000000006,1403.5365785870677,1
TSLA,2024-12-24,2024-12-26,462.2799987792969,453.0343988037109,4.554176848316815,453.0343988037109,480.77119873046877,Stop Loss,-42.10609735761203,-2.000000000000002,1361.4304812294556,2
NVDA,2024-05-06,2024-05-07,92.11820220947266,90.2758381652832,22.168753545585236,90.2758381652832,95.80293029785156,Stop Loss,-40.84291443688367,-1.9999999999999987,1320.587566792572,1
NVDA,2024-05-10,2024-05-15,89.85672760009766,93.45099670410157,22.044886377396953,88.0595930480957,93.45099670410157,Take Profit,79.23525400755463,4.000000000000008,1399.8228208001267,5
NVDA,2024-05-20,2024-05-23,94.75758361816406,98.54788696289063,22.159009875782544,92.86243194580078,98.54788696289063,Take Profit,83.9893692480076,4.000000000000005,1483.8121900481342,3
NVDA,2024-05-24,2024-05-28,106.44381713867188,110.70156982421875,20.909793963632477,104.31494079589844,110.70156982421875,Take Profit,89.02873140288804,4.000000000000001,1572.8409214510223,4
NVDA,2024-05-29,2024-05-30,114.79783630371094,112.50187957763671,20.551444679974892,112.50187957763671,119.38974975585938,Stop Loss,-47.185227643530666,-2.000000000000004,1525.6556938074916,1
NVDA,2024-06-03,2024-06-05,114.9728012084961,119.57171325683593,19.904564528798492,112.67334518432617,119.57171325683593,Take Profit,91.53934162844921,3.9999999999999973,1617.1950354359408,2
NVDA,2024-06-10,2024-06-11,121.76119232177734,119.3259684753418,19.92254269934617,119.3259684753418,126.63164001464844,Stop Loss,-48.51585106307822,-2.000000000000001,1568.6791843728627,1
NVDA,2024-06-12,2024-06-14,125.18065643310547,130.1878826904297,18.796983844039104,122.67704330444336,130.1878826904297,Take Profit,94.12075106237175,4.000000000000001,1662.7999354352344,2
NVDA,2024-06-18,2024-06-20,135.55906677246094,132.8478854370117,18.399358763212923,132.8478854370117,140.9814294433594,Stop Loss,-49.88399806305703,-2.000000000000005,1612.9159373721773,2
NVDA,2024-08-19,2024-08-20,129.97991943359375,127.38032104492187,18.61344365038102,127.38032104492187,135.1791162109375,Stop Loss,-48.387478121165316,-2.000000000000003,1564.528459251012,1
NVDA,2024-08-21,2024-08-22,128.48016357421875,125.91056030273437,18.265797797812162,125.91056030273437,133.61937011718751,Stop Loss,-46.93585377753036,-2.0000000000000058,1517.5926054734816,1
NVDA,2024-08-23,2024-08-26,129.3500213623047,126.76302093505859,17.59867438934655,126.76302093505859,134.52402221679688,Stop Loss,-45.52777816420445,-2.0000000000000018,1472.0648273092772,3
NVDA,2024-08-27,2024-08-28,128.2801971435547,125.7145932006836,17.2130795721564,125.7145932006836,133.41140502929687,Stop Loss,-44.16194481927832,-1.9999999999999991,1427.902882489999,1
NVDA,2024-09-24,2024-09-26,120.8616714477539,125.69613830566406,17.72153485946843,118.44443801879882,125.69613830566406,Take Profit,85.67417294939968,4.000000000000002,1513.5770554393987,2
NVDA,2024-10-03,2024-10-07,122.84153747558594,127.75519897460939,18.48206746525226,120.38470672607421,127.75519897460939,Take Profit,90.81462332636391,4.000000000000008,1604.3916787657627,4
NVDA,2024-10-08,2024-10-14,132.88084411621094,138.19607788085938,18.110868682049926,130.22322723388672,138.19607788085938,Take Profit,96.26350072594576,4.000000000000002,1700.6551794917084,6
NVDA,2024-10-16,2024-10-21,135.7106475830078,141.13907348632813,18.797219044122862,132.99643463134765,141.13907348632813,Take Profit,102.0393107695025,4.0000000000000036,1802.6944902612108,5
NVDA,2024-10-24,2024-10-30,140.40032958984375,137.59232299804688,19.25951130806624,137.59232299804688,146.01634277343751,Stop Loss,-54.080834707836324,-1.9999999999999951,1748.6136555533744,6
NVDA,2024-11-05,2024-11-06,139.90036010742188,145.49637451171876,18.748489863186016,137.10235290527345,145.49637451171876,Take Profit,104.916819333203,4.000000000000004,1853.5304748865774,1
NVDA,2024-11-07,2024-11-11,148.8697509765625,145.89235595703124,18.676028502039866,145.89235595703124,154.82454101562502,Stop Loss,-55.605914246597315,-2.0000000000000053,1797.92456063998,4
NVDA,2024-11-12,2024-11-15,148.27976989746094,145.31417449951172,18.18782725940926,145.31417449951172,154.21096069335937,Stop Loss,-53.937736819199394,-1.9999999999999976,1743.9868238207805,3
NVDA,2024-11-19,2024-11-20,146.99986267089844,144.05986541748047,17.79580054158142,144.05986541748047,152.87985717773438,Stop Loss,-52.319604714623416,-2.0000000000000013,1691.667219106157,1
NVDA,2024-11-21,2024-11-22,146.65989685058594,143.7266989135742,17.30194063373972,143.7266989135742,152.5262927246094,Stop Loss,-50.75001657318471,-2.0000000000000058,1640.9172025329724,1
NVDA,2025-01-03,2025-01-06,144.47000122070312,150.24880126953124,17.037279594393226,141.58060119628905,150.24880126953124,Take Profit,98.45503215197786,3.9999999999999947,1739.3722346849502,3
NVDA,2025-01-21,2025-01-22,140.8300018310547,146.46320190429688,18.526296372255725,138.0134017944336,146.46320190429688,Take Profit,104.36233408109753,4.000000000000004,1843.7345687660477,1
NVDA,2025-02-18,2025-02-21,139.39999389648438,136.6119940185547,19.83932549669092,136.6119940185547,144.97599365234376,Stop Loss,-55.31203706298144,-1.9999999999999933,1788.4225317030662,3
META,2024-04-03,2024-04-04,505.3472595214844,525.5611499023438,5.308495785838021,495.24031433105466,525.5611499023438,Take Profit,107.30535190218397,4.00000000000001,1895.72788360525,1
META,2024-04-05,2024-04-09,525.890625,515.3728125,5.407192465938858,515.3728125,546.92625,Stop Loss,-56.8718365081575,-1.9999999999999982,1838.8560470970926,4
META,2024-04-10,2024-04-12,518.4013061523438,508.03328002929686,5.320750619087082,508.03328002929686,539.1373583984375,Stop Loss,-55.165681412912775,-2.0000000000000027,1783.6903656841798,2
META,2024-05-15,2024-05-17,480.2165222167969,470.6121917724609,5.571519147603115,470.6121917724609,499.42518310546876,Stop Loss,-53.5107109705254,-2.000000000000007,1730.1796547136544,2
META,2024-05-24,2024-05-30,476.9056396484375,467.3675268554687,5.441893041951947,467.3675268554687,495.981865234375,Stop Loss,-51.90538964140963,-2.0000000000000053,1678.2742650722448,6
META,2024-06-05,2024-06-27,493.6993713378906,513.4473461914063,5.099077583968472,483.8253839111328,513.4473461914063,Take Profit,100.69645590433468,4.0000000000000036,1778.9707209765795,22
META,2024-07-02,2024-07-05,508.6041564941406,528.9483227539063,5.2466265707673365,498.4320733642578,528.9483227539063,Take Profit,106.73824325859476,4.0000000000000036,1885.7089642351743,3
META,2024-07-10,2024-07-11,533.7498168945312,523.0748205566406,5.299418110923071,523.0748205566406,555.0998095703126,Stop Loss,-56.57126892705523,-2.000000000000007,1829.1376953081192,1
META,2024-08-08,2024-08-13,508.73394775390625,529.0833056640626,5.393205142050803,498.5592687988281,529.0833056640626,Take Profit,109.74826171848714,4.00000000000001,1938.8859570266063,5
META,2024-08-15,2024-08-16,536.38525390625,525.657548828125,5.4220896535836145,525.657548828125,557.8406640625,Stop Loss,-58.166578710798184,-2.0000000000000075,1880.7193783158082,1
META,2024-08-19,2024-08-26,528.3494262695312,517.7824377441406,5.339419193453531,517.7824377441406,549.4834033203125,Stop Loss,-56.421581349474245,-2.000000000000011,1824.2977969663339,7
META,2024-09-19,2024-10-01,558.6493530273438,580.9953271484375,4.89832607989354,547.4763659667968,580.9953271484375,Take Profit,109.45786781797948,3.9999999999999947,1933.7556647843132,12
META,2024-10-03,2024-10-21,582.30029296875,570.654287109375,4.981336145973971,570.654287109375,605.5923046875,Stop Loss,-58.012669943529396,-2.0000000000000013,1875.742994840784,18
META,2024-12-06,2024-12-09,623.2672729492188,610.8019274902343,4.514298462917061,610.8019274902343,648.1979638671875,Stop Loss,-56.27228984522352,-2.0000000000000067,1819.4707049955605,3
META,2024-12-10,2024-12-18,618.8208618164062,606.4444445800781,4.410332983090413,606.4444445800781,643.5736962890625,Stop Loss,-54.5841211498668,-2.0000000000000067,1764.8865838456936,8
META,2025-01-15,2025-01-17,617.1199951171875,604.7775952148437,4.289813807225315,604.7775952148437,641.804794921875,Stop Loss,-52.94659751537081,-2.000000000000008,1711.9399863303229,2
META,2025-01-21,2025-01-24,616.4600219726562,641.1184228515625,4.1655742269842975,604.1308215332031,641.1184228515625,Take Profit,102.71639917981888,4.000000000000002,1814.6563855101417,3
META,2025-01-27,2025-01-30,659.8800048828125,686.275205078125,4.124969021827843,646.6824047851562,686.275205078125,Take Profit,108.87938313060852,4.000000000000008,1923.5357686407501,3
META,2025-01-31,2025-02-03,689.1799926757812,675.3963928222656,4.186574891355692,675.3963928222656,716.7471923828125,Stop Loss,-57.706073059222504,-2.0,1865.8296955815276,3
META,2025-02-04,2025-02-14,704.1900024414062,732.3576025390626,3.974416753531178,690.1062023925781,732.3576025390626,Take Profit,111.94978173489166,4.000000000000008,1977.7794773164194,10
AMZN,2024-03-27,2024-04-08,179.8300018310547,187.02320190429688,16.49707604831001,176.2334017944336,187.02320190429688,Take Profit,118.66676863898563,4.000000000000004,2096.446245955405,12
AMZN,2024-04-11,2024-04-12,189.0500030517578,185.26900299072264,16.63406145554069,185.26900299072264,196.61200317382813,Stop Loss,-62.89338737866215,-2.0000000000000084,2033.5528585767431,1
AMZN,2024-05-09,2024-05-13,189.5,185.71,16.096724474222274,185.71,197.08,Stop Loss,-61.00658575730229,-1.9999999999999958,1972.546272819441,4
AMZN,2024-06-20,2024-06-26,186.10000610351562,193.54400634765625,15.899082816705324,182.3780059814453,193.54400634765625,Take Profit,118.35277636916645,4.0,2090.8990491886075,6
AMZN,2024-06-27,2024-06-28,197.85000610351562,193.8930059814453,15.852153030220048,193.8930059814453,205.76400634765625,Stop Loss,-62.726971475658225,-2.000000000000007,2028.1720777129492,1
AMZN,2024-07-01,2024-07-11,197.1999969482422,193.25599700927734,15.42727263514056,193.25599700927734,205.0879968261719,Stop Loss,-60.84516233138847,-2.0000000000000036,1967.3269153815606,10
AMZN,2024-08-23,2024-08-27,177.0399932861328,173.49919342041017,16.668495735327696,173.49919342041017,184.12159301757814,Stop Loss,-59.019807461446824,-1.999999999999995,1908.3071079201138,4
AMZN,2024-08-30,2024-09-04,178.5,174.93,16.036194184202667,174.93,185.64000000000001,Stop Loss,-57.24921323760341,-1.9999999999999962,1851.0578946825103,5
AMZN,2024-09-05,2024-09-06,177.88999938964844,174.33219940185546,15.608448207040311,174.33219940185546,185.0055993652344,Stop Loss,-55.53173684047531,-2.000000000000004,1795.526157842035,1
AMZN,2024-09-12,2024-09-24,187.0,194.48000000000002,14.402616239374575,183.26,194.48000000000002,Take Profit,107.73156947052209,4.00000000000001,1903.257727312557,12
AMZN,2024-10-22,2024-10-23,189.6999969482422,185.90599700927734,15.0494814807391,185.90599700927734,197.28799682617188,Stop Loss,-57.09773181937671,-2.000000000000001,1846.1599954931803,1
AMZN,2024-10-25,2024-10-30,187.8300018310547,195.34320190429688,14.743331556428222,184.07340179443358,195.34320190429688,Take Profit,110.7695997295904,4.000000000000001,1956.9295952227708,5
AMZN,2024-11-01,2024-11-06,197.92999267578125,205.8471923828125,14.830467849521236,193.9713928222656,205.8471923828125,Take Profit,117.41577571336582,3.9999999999999973,2074.3453709361365,5
AMZN,2024-11-07,2024-11-11,210.0500030517578,205.84900299072265,14.813225475828734,205.84900299072265,218.45200317382813,Stop Loss,-62.23036112808409,-2.0000000000000018,2012.1150098080525,4
AMZN,2024-11-12,2024-11-15,208.91000366210938,204.7318035888672,14.447237862259913,204.7318035888672,217.26640380859376,Stop Loss,-60.363450294241574,-1.9999999999999967,1951.751559513811,3
AMZN,2024-11-26,2024-12-04,207.86000061035156,216.17440063476562,14.084611424392158,203.70280059814453,216.17440063476562,Take Profit,117.10509357082864,3.9999999999999964,2068.8566530846397,8
AMZN,2024-12-05,2024-12-09,220.5500030517578,229.37200317382812,14.07066396139965,216.13900299072264,229.37200317382812,Take Profit,124.13139918507797,3.9999999999999973,2192.9880522697176,4
AMZN,2024-12-11,2024-12-18,230.25999450683594,225.6547946166992,14.285947002864667,225.6547946166992,239.47039428710937,Stop Loss,-65.78964156809153,-2.0000000000000058,2127.198410701626,7
AMZN,2024-12-24,2024-12-27,229.0500030517578,224.46900299072266,13.930572248590732,224.46900299072266,238.21200317382812,Stop Loss,-63.81595232104878,-1.9999999999999993,2063.382458380577,3
AMZN,2025-01-28,2025-01-30,238.14999389648438,233.38699401855467,12.996320667201777,233.38699401855467,247.67599365234375,Stop Loss,-61.90147375141732,-2.0000000000000058,2001.4809846291598,2
AMZN,2025-01-31,2025-02-03,237.67999267578125,232.92639282226563,12.631359683013219,232.92639282226563,247.1871923828125,Stop Loss,-60.044429538874795,-1.9999999999999998,1941.436555090285,3
AMZN,2025-02-04,2025-02-05,242.05999755859375,237.21879760742186,12.03071495499993,237.21879760742186,251.7423974609375,Stop Loss,-58.24309665270856,-2.0000000000000053,1883.1934584375765,1
AMZN,2025-02-06,2025-02-07,238.8300018310547,234.0534017944336,11.827618665994013,234.0534017944336,248.3832019042969,Stop Loss,-56.49580375312729,-1.9999999999999987,1826.6976546844492,1
NFLX,2024-04-03,2024-04-04,630.0800170898438,617.4784167480468,4.348727792831992,617.4784167480468,655.2832177734375,Stop Loss,-54.80092964053348,-2.00000000000001,1771.8967250439157,1
NFLX,2024-04-05,2024-04-09,636.1799926757812,623.4563928222656,4.177819356416619,623.4563928222656,661.6271923828125,Stop Loss,-53.15690175131747,-2.000000000000009,1718.7398232925982,4
NFLX,2024-04-11,2024-04-15,628.780029296875,616.2044287109375,4.100177510125166,616.2044287109375,653.9312304687501,Stop Loss,-51.562194698777944,-2.0000000000000058,1667.1776285938204,4
NFLX,2024-05-13,2024-05-20,616.5900268554688,641.2536279296875,4.055800992507639,604.2582263183593,641.2536279296875,Take Profit,100.03065771562875,3.9999999999999947,1767.208286309449,7
NFLX,2024-05-21,2024-05-23,650.6099853515625,637.5977856445312,4.0743494399825035,637.5977856445312,676.634384765625,Stop Loss,-53.01624858928347,-2.0000000000000075,1714.1920377201654,2
NFLX,2024-05-24,2024-05-31,646.75,633.8149999999999,3.9757063109087536,633.8149999999999,672.62,Stop Loss,-51.425761131604965,-2.000000000000009,1662.7662765885605,7
NFLX,2024-06-05,2024-06-10,650.27001953125,637.264619140625,3.835559598273889,637.264619140625,676.2808203125,Stop Loss,-49.88298829765681,-2.000000000000004,1612.8832882909037,5
NFLX,2024-06-11,2024-06-14,648.5499877929688,674.4919873046875,3.730359999958343,635.5789880371094,674.4919873046875,Take Profit,96.77299729745465,4.000000000000006,1709.6562855883583,3
NFLX,2024-06-17,2024-06-25,675.8300170898438,662.3134167480468,3.7945701782015018,662.3134167480468,702.8632177734376,Stop Loss,-51.28968856765075,-2.000000000000004,1658.3665970207076,8
NFLX,2024-06-26,2024-07-01,677.6900024414062,664.1362023925781,3.67063094714331,664.1362023925781,704.7976025390625,Stop Loss,-49.75099791062122,-2.000000000000008,1608.6155991100864,5
NFLX,2024-07-02,2024-07-11,679.5800170898438,665.9884167480469,3.5506096971449597,665.9884167480469,706.7632177734375,Stop Loss,-48.25846797330259,-1.9999999999999942,1560.3571311367837,9
NFLX,2024-08-16,2024-08-20,674.0700073242188,701.0328076171875,3.4722442346843825,660.5886071777344,701.0328076171875,Take Profit,93.62142786820702,3.999999999999996,1653.9785590049908,4
NFLX,2024-08-27,2024-08-28,695.719970703125,681.8055712890625,3.566043728772248,681.8055712890625,723.5487695312501,Stop Loss,-49.61935677014972,-1.9999999999999962,1604.359202234841,1
NFLX,2024-08-29,2024-09-03,692.47998046875,678.630380859375,3.475246752582278,678.630380859375,720.1791796875,Stop Loss,-48.130776067045225,-1.9999999999999987,1556.2284261677958,5
NFLX,2024-09-19,2024-10-10,704.3200073242188,732.4928076171875,3.3143210685155613,690.2336071777344,732.4928076171875,Take Profit,93.37370557006774,4.000000000000002,1649.6021317378636,21
NFLX,2024-10-18,2024-10-23,763.8900146484375,748.6122143554687,3.239213957712979,748.6122143554687,794.445615234375,Stop Loss,-49.4880639521359,-2.0000000000000036,1600.1140677857277,5
NFLX,2024-10-24,2024-11-07,754.5499877929688,784.7319873046876,3.1809305420559473,739.4589880371094,784.7319873046876,Take Profit,96.00684406714402,4.000000000000006,1696.1209118528718,14
NFLX,2024-11-11,2024-11-14,805.4400024414062,837.6576025390625,3.1587472189952344,789.3312023925781,837.6576025390625,Take Profit,101.7672547111723,4.000000000000002,1797.888166564044,3
NFLX,2024-11-18,2024-11-20,847.0499877929688,880.9319873046875,3.1837935053547417,830.1089880371094,880.9319873046875,Take Profit,107.87328999384263,3.9999999999999982,1905.7614565578867,2
NFLX,2024-11-21,2024-11-25,897.47998046875,879.530380859375,3.185187688915101,879.530380859375,933.3791796875,Stop Loss,-57.1728436967366,-2.0000000000000013,1848.58861286115,4
NFLX,2024-11-26,2024-12-04,872.5999755859375,907.5039746093751,3.177725185506419,855.1479760742187,907.5039746093751,Take Profit,110.915316771669,4.000000000000007,1959.503929632819,8
NFLX,2024-12-05,2024-12-18,917.8699951171875,899.5125952148437,3.2022573023252145,899.5125952148437,954.5847949218751,Stop Loss,-58.78511788898457,-2.000000000000004,1900.7188117438345,13
NFLX,2024-12-24,2024-12-27,932.1199951171875,913.4775952148437,3.0587029916221344,913.4775952148437,969.404794921875,Stop Loss,-57.02156435231503,-2.0000000000000004,1843.6972473915196,3
NFLX,2025-01-29,2025-02-07,978.1500244140625,1017.276025390625,2.827322805357904,958.5870239257812,1017.276025390625,Take Profit,110.62183484349084,4.000000000000002,1954.3190822350105,9
NFLX,2025-02-10,2025-02-11,1027.5999755859375,1007.0479760742187,2.8527429865702154,1007.0479760742187,1068.703974609375,Stop Loss,-58.62957246705031,-2.0000000000000053,1895.68950976796,1
NFLX,2025-02-12,2025-02-21,1027.31005859375,1006.763857421875,2.7679416169100404,1006.763857421875,1068.4024609375,Stop Loss,-56.870685293038804,-2.0000000000000053,1838.8188244749213,9
AMD,2024-05-16,2024-05-17,162.6199951171875,169.124794921875,16.96118755092048,159.36759521484376,169.124794921875,Take Profit,110.32912946849574,4.000000000000005,1949.147953943417,1
AMD,2024-05-20,2024-05-23,166.3300018310547,163.0034017944336,17.577838626400137,163.0034017944336,172.9832019042969,Stop Loss,-58.474438618302514,-2.000000000000005,1890.6735153251145,3
AMD,2024-05-24,2024-05-28,166.36000061035156,173.01440063476562,17.047428844570426,163.03280059814452,173.01440063476562,Take Profit,113.44041091950638,3.9999999999999982,2004.1139262446209,4
AMD,2024-05-30,2024-05-31,166.75,163.415,18.028011330536277,163.415,173.42000000000002,Stop Loss,-60.123417787338624,-2.000000000000005,1943.9905084572822,1
AMD,2024-06-05,2024-06-10,166.1699981689453,162.8465982055664,17.548208430027408,162.8465982055664,172.81679809570312,Stop Loss,-58.31971525371846,-1.9999999999999987,1885.6707932035638,5
AMD,2024-07-05,2024-07-08,171.89999389648438,178.77599365234374,16.454370507474437,168.4619940185547,178.77599365234374,Take Profit,113.14024759221381,3.999999999999996,1998.8110407957777,3
AMD,2024-07-10,2024-07-11,183.9600067138672,180.28080657958984,16.298197715643212,180.28080657958984,191.3184069824219,Stop Loss,-59.96433122387333,-2.000000000000004,1938.8467095719043,1
AMD,2024-08-20,2024-08-22,156.39999389648438,153.2719940185547,18.59507786351157,153.2719940185547,162.65599365234377,Stop Loss,-58.16540128715712,-1.9999999999999962,1880.6813082847473,2
AMD,2024-08-23,2024-08-26,154.97999572753906,151.88039581298827,18.202490903320047,151.88039581298827,161.17919555664062,Stop Loss,-56.42043924854242,-2.000000000000008,1824.260869036205,3
AMD,2024-09-19,2024-09-20,156.74000549316406,153.60520538330078,17.458154955045302,153.60520538330078,163.00960571289062,Stop Loss,-54.72782607108614,-1.999999999999998,1769.5330429651187,1
AMD,2024-09-23,2024-09-26,156.75,163.02,16.93333055469018,153.615,163.02,Take Profit,106.1719825779076,4.000000000000006,1875.7050255430263,3
AMD,2024-10-03,2024-10-04,162.85000610351562,169.36400634765624,17.276987613535024,159.59300598144532,169.36400634765624,Take Profit,112.54230153258158,3.999999999999996,1988.247327075608,1
AMD,2024-10-08,2024-10-10,172.8000030517578,169.34400299072266,17.25909107605814,169.34400299072266,179.71200317382812,Stop Loss,-59.64741981226823,-1.9999999999999993,1928.5999072633397,2
AMD,2024-10-11,2024-10-15,167.88999938964844,164.53219940185548,17.230924244516885,164.53219940185548,174.60559936523438,Stop Loss,-57.85799721790019,-1.9999999999999938,1870.7419100454395,4
INTC,2024-06-21,2024-06-25,30.894020080566406,30.276139678955076,90.8302920031216,30.276139678955076,32.12978088378907,Stop Loss,-56.122257301363184,-2.000000000000007,1814.6196527440763,4
INTC,2024-06-28,2024-07-05,30.774776458740234,32.00576751708984,88.44676687628935,30.15928092956543,32.00576751708984,Take Profit,108.87717916464457,3.9999999999999996,1923.4968319087209,7
INTC,2024-07-08,2024-07-11,33.77574157714844,33.10022674560547,85.42359436499069,33.10022674560547,35.126771240234376,Stop Loss,-57.70490495726163,-2.0000000000000018,1865.7919269514593,3
INTC,2024-07-12,2024-07-17,34.27259063720703,35.64349426269531,81.65965392148892,33.58713882446289,35.64349426269531,Take Profit,111.94751561708756,4.000000000000002,1977.739442568547,5
INTC,2024-07-18,2024-07-19,34.65019226074219,33.95718841552734,85.6159510322228,33.95718841552734,36.036199951171874,Stop Loss,-59.33218327705641,-2.0000000000000084,1918.4072592914906,1
INTC,2024-08-30,2024-09-03,22.040000915527344,21.599200897216797,130.56310206003377,21.599200897216797,22.921600952148438,Stop Loss,-57.552217778744726,-2.0000000000000013,1860.8550415127459,4
INTC,2024-09-20,2024-09-23,21.84000015258789,22.713600158691406,127.80597723294296,21.403200149536133,22.713600158691406,Take Profit,111.65130249076475,4.0,1972.5063440035105,3
INTC,2024-09-24,2024-09-25,22.809999465942383,23.72239944458008,129.71326546600733,22.353799476623536,23.72239944458008,Take Profit,118.3503806402111,4.000000000000011,2090.8567246437215,1
INTC,2024-09-26,2024-09-30,23.920000076293945,23.441600074768065,131.11559686297014,23.441600074768065,24.876800079345703,Stop Loss,-62.72570173931164,-2.0000000000000067,2028.1310229044097,4
INTC,2024-10-08,2024-10-15,23.31999969482422,22.853599700927735,130.45439854923407,22.853599700927735,24.252799682617187,Stop Loss,-60.84393068713229,-1.9999999999999993,1967.2870922172774,7
INTC,2024-11-06,2024-11-07,25.049999237060547,26.05199920654297,117.80162587630464,24.548999252319337,26.05199920654297,Take Profit,118.03722553303705,4.000000000000004,2085.3243177503145,1
INTC,2024-11-13,2024-11-15,24.920000076293945,24.421600074768065,125.52112628607395,24.421600074768065,25.916800079345705,Stop Loss,-62.55972953250944,-2.0000000000000044,2022.764588217805,2
INTC,2024-11-25,2024-11-26,24.8700008392334,24.37260082244873,122.00027261519948,24.37260082244873,25.864800872802736,Stop Loss,-60.68293764653415,-1.9999999999999956,1962.081650571271,1
INTC,2025-01-22,2025-01-23,21.860000610351562,21.42280059814453,134.63505918033755,21.42280059814453,22.734400634765624,Stop Loss,-58.862449517138124,-2.0000000000000058,1903.2192010541328,1
INTC,2025-02-18,2025-02-19,27.389999389648438,26.842199401855467,104.22887423137811,26.842199401855467,28.485599365234375,Stop Loss,-57.09657603162398,-2.000000000000006,1846.1226250225088,1
INTC,2025-02-20,2025-02-21,26.09000015258789,25.568200149536132,106.13966735677006,25.568200149536132,27.133600158691408,Stop Loss,-55.383678750675266,-2.000000000000003,1790.7389462718336,1
V,2024-05-10,2024-05-14,278.6610412597656,273.0878204345703,9.639339633787452,273.0878204345703,289.80748291015624,Stop Loss,-53.722168388155005,-2.000000000000008,1737.0167778836785,4
V,2024-05-15,2024-05-21,279.4154052734375,273.82709716796876,9.32491594110833,273.82709716796876,290.592021484375,Stop Loss,-52.11050333651035,-1.9999999999999967,1684.906274547168,6
V,2024-06-20,2024-06-27,275.278564453125,269.7729931640625,9.181097761250163,269.7729931640625,286.28970703125003,Stop Loss,-50.54718823641504,-2.0000000000000058,1634.3590863107531,7
V,2024-08-20,2024-09-03,267.08197021484375,277.7652490234375,9.178974632746968,261.7403308105469,277.7652490234375,Take Profit,98.0615451786452,3.9999999999999964,1732.4206314893984,14
V,2024-09-04,2024-09-17,279.4874572753906,290.6669555664063,9.29784460657765,273.8977081298828,290.6669555664063,Take Profit,103.9452378893639,4.000000000000008,1836.3658693787622,13
V,2024-09-23,2024-09-24,287.5983581542969,281.8463909912109,9.577762619181266,281.8463909912109,299.10229248046875,Stop Loss,-55.09097608136287,-2.0000000000000093,1781.2748932973993,1
V,2024-10-16,2024-10-24,286.4923095703125,280.76246337890626,9.326296904630695,280.76246337890626,297.95200195312503,Stop Loss,-53.43824679892198,-1.9999999999999958,1727.8366464984774,8
V,2024-10-30,2024-11-06,289.1228942871094,300.68781005859375,8.964198342501405,283.3404364013672,300.68781005859375,Take Profit,103.67019878990862,4.000000000000002,1831.506845288386,7
V,2024-11-08,2024-12-18,306.76959228515625,319.04037597656253,8.955451703892745,300.63420043945314,319.04037597656253,Take Profit,109.89041071730368,4.00000000000001,1941.3972560056898,40
V,2024-12-19,2025-01-10,314.3510437011719,308.06402282714845,9.26383399183759,308.06402282714845,326.9250854492188,Stop Loss,-58.24191768017069,-1.9999999999999962,1883.155338325519,22
V,2025-01-23,2025-01-30,327.6586608886719,340.76500732421874,8.620962436418012,321.1054876708984,340.76500732421874,Take Profit,112.98932029953065,3.9999999999999982,1996.1446586250497,7
JPM,2024-03-26,2024-04-12,191.3555908203125,187.52847900390626,15.64739747138729,187.52847900390626,199.00981445312502,Stop Loss,-59.88433975875149,-1.999999999999997,1936.2603188662981,17
JPM,2024-05-08,2024-05-16,192.39312744140625,200.08885253906251,15.096123842490115,188.54526489257813,200.08885253906251,Take Profit,116.17561913197831,4.000000000000008,2052.4359379982766,8
JPM,2024-05-17,2024-05-20,201.3809814453125,197.35336181640625,15.287709320422895,197.35336181640625,209.436220703125,Stop Loss,-61.573078139948294,-2.000000000000001,1990.8628598583282,3
JPM,2024-05-24,2024-06-06,197.36892700195312,193.42154846191406,15.13051894819257,193.42154846191406,205.26368408203126,Stop Loss,-59.725885795749846,-2.0000000000000027,1931.1369740625782,13
JPM,2024-07-01,2024-07-16,202.03001403808594,210.11121459960938,14.337995643299804,197.98941375732423,210.11121459960938,Take Profit,115.86821844375508,4.000000000000004,2047.0051925063333,15
JPM,2024-07-17,2024-07-18,214.44158935546875,210.15275756835936,14.318620739513682,210.15275756835936,223.0192529296875,Stop Loss,-61.410155775190006,-2.0000000000000058,1985.5950367311432,1
JPM,2024-07-26,2024-08-01,209.8634490966797,205.66618011474608,14.192049963519967,205.66618011474608,218.2579870605469,Stop Loss,-59.567851101934295,-2.000000000000005,1926.0271856292088,6
JPM,2024-08-22,2024-08-30,214.20428466796875,222.7724560546875,13.487315545167665,209.92019897460938,222.7724560546875,Take Profit,115.56163113775251,3.9999999999999982,2041.5888167669614,8
JPM,2024-10-04,2024-10-11,210.13473510742188,218.54012451171874,14.573427013791552,205.93204040527343,218.54012451171874,Take Profit,122.49532900601727,3.9999999999999973,2164.0841457729784,7
JPM,2024-10-15,2024-11-06,221.24734497070312,230.09723876953126,14.671932985633369,216.82239807128906,230.09723876953126,Take Profit,129.8450487463787,4.000000000000004,2293.929194519357,22
JPM,2024-11-11,2024-11-22,238.0605010986328,247.58292114257813,14.453862677342718,233.29929107666015,247.58292114257813,Take Profit,137.63575167116142,4.000000000000002,2431.5649461905186,11
JPM,2024-11-25,2024-12-02,249.0039825439453,244.0239028930664,14.64774732525444,244.0239028930664,258.9641418457031,Stop Loss,-72.94694838571556,-2.0,2358.617997804803,7
JPM,2025-01-07,2025-01-15,243.1699981689453,252.89679809570313,14.54919201935912,238.3065982055664,252.89679809570313,Take Profit,141.51707986828777,4.0000000000000036,2500.135077673091,8
JPM,2025-01-16,2025-01-23,254.27000427246094,264.4408044433594,14.748899018741998,249.1846041870117,264.4408044433594,Take Profit,150.00810466038544,4.000000000000014,2650.1431823334765,7
JPM,2025-01-27,2025-02-06,265.8500061035156,276.48400634765625,14.952848155859515,260.5330059814453,276.48400634765625,Take Profit,159.00859094000774,3.9999999999999996,2809.151773273484,10
JPM,2025-02-11,2025-02-20,274.989990234375,269.4901904296875,15.323203787595551,269.4901904296875,285.98958984375,Stop Loss,-84.27455319820453,-1.9999999999999942,2724.8772200752796,9
DIS,2024-03-26,2024-04-04,118.85260772705078,116.47555557250976,34.38978671380588,116.47555557250976,123.60671203613282,Stop Loss,-81.74631660225839,-2.0000000000000027,2643.130903473021,9
DIS,2024-08-26,2024-08-28,91.37510681152344,89.54760467529297,43.38923907785296,89.54760467529297,95.03011108398438,Stop Loss,-79.29392710419063,-1.9999999999999951,2563.8369763688306,2
DIS,2024-09-20,2024-09-30,93.33641815185547,97.06987487792969,41.20316100298938,91.46968978881836,97.06987487792969,Take Profit,153.83021858212985,4.000000000000005,2717.6671949509605,10
DIS,2024-10-04,2024-10-07,94.7302474975586,92.83564254760742,43.03272608394165,92.83564254760742,98.51945739746094,Stop Loss,-81.5300158485288,-2.000000000000001,2636.1371791024317,3
DIS,2024-10-11,2024-11-06,93.7147445678711,97.46333435058594,42.19406227789362,91.84044967651367,97.46333435058594,Take Profit,158.1682307461459,4.000000000000002,2794.3054098485777,26
DIS,2024-11-11,2024-11-14,100.41505432128906,104.43165649414063,41.74133194572417,98.40675323486327,104.43165649414063,Take Profit,167.65832459091408,4.000000000000001,2961.963734439492,3
DIS,2024-11-15,2024-11-19,114.57232666015625,112.28088012695312,38.7785229747308,112.28088012695312,119.1552197265625,Stop Loss,-88.85891203318475,-2.0000000000000027,2873.104822406307,4
DIS,2024-11-20,2024-12-17,113.75594329833984,111.48082443237304,37.88511710818316,111.48082443237304,118.30618103027344,Stop Loss,-86.1931446721892,-2.0000000000000058,2786.911677734118,27
DIS,2025-02-03,2025-02-05,114.0,111.72,36.66989049650153,111.72,118.56,Stop Loss,-83.60735033202353,-2.000000000000001,2703.3043274020943,2
KO,2024-03-27,2024-04-03,59.69498062133789,58.50108100891113,67.92793043731534,58.50108100891113,62.08277984619141,Stop Loss,-81.09912982206282,-2.0000000000000067,2622.2051975800314,7
KO,2024-04-29,2024-06-24,60.682884216308594,63.11019958496094,64.81741675872692,59.46922653198242,63.11019958496094,Take Profit,157.33231185480187,4.000000000000001,2779.5375094348333,56
KO,2024-06-26,2024-07-09,63.135032653808594,61.87233200073242,66.03792045240564,61.87233200073242,65.66043395996094,Stop Loss,-83.38612528304499,-2.000000000000002,2696.151384151788,13
KO,2024-07-12,2024-07-25,62.79003143310547,65.30163269042968,64.40874425323834,61.53423080444336,65.30163269042968,Take Profit,161.76908304910728,3.999999999999995,2857.9204672008955,13
KO,2024-07-26,2024-08-21,66.09217834472656,68.73586547851562,64.86214871662492,64.77033477783203,68.73586547851562,Take Profit,171.47522803205374,3.9999999999999933,3029.395695232949,26
KO,2024-08-23,2024-09-03,68.79303741455078,71.54475891113282,66.05455600784784,67.41717666625976,71.54475891113282,Take Profit,181.76374171397694,4.000000000000006,3211.159436946926,11
KO,2024-09-09,2024-10-04,70.82360076904297,69.4071287536621,68.01036805693985,69.4071287536621,73.65654479980469,Stop Loss,-96.33478310840778,-2.000000000000003,3114.824653838518,25
KO,2024-12-12,2024-12-16,63.84000015258789,62.56320014953613,73.18666932315733,62.56320014953613,66.39360015869141,Stop Loss,-93.44473961515553,-2.0000000000000053,3021.3799142233624,4
KO,2025-01-24,2025-02-10,61.91999816894531,64.39679809570313,73.1923450477102,60.6815982055664,64.39679809570313,Take Profit,181.28279485340175,4.000000000000012,3202.6627090767643,17
KO,2025-02-11,2025-02-21,67.5999984741211,70.30399841308594,71.06500254514407,66.24799850463867,70.30399841308594,Take Profit,192.15976254460585,3.9999999999999964,3394.82247162137,10
JNJ,2024-05-09,2024-05-28,145.19212341308594,142.2882809448242,35.07238263155728,142.2882809448242,150.99980834960937,Stop Loss,-101.84467414864109,-2.000000000000007,3292.977797472729,19
JNJ,2024-06-21,2024-06-27,145.29135131835938,142.3855242919922,33.99697677383325,142.3855242919922,151.10300537109376,Stop Loss,-98.78933392418186,-1.9999999999999931,3194.188463548547,6
JNJ,2024-07-16,2024-07-17,147.49879455566406,153.39874633789063,32.48353798250621,144.54881866455077,153.39874633789063,Take Profit,191.65130781291188,4.000000000000002,3385.839771361459,1
JNJ,2024-07-24,2024-08-02,152.64627075195312,158.75212158203126,33.27142963941172,149.59334533691407,158.75212158203126,Take Profit,203.15038628168847,4.00000000000001,3588.9901576431475,9
JNJ,2024-08-23,2024-10-04,160.31375122070312,157.10747619628907,33.58093236214851,157.10747619628907,166.72630126953126,Stop Loss,-107.66970472929442,-1.9999999999999951,3481.320452913853,42
JNJ,2024-10-18,2024-10-25,162.50485229492188,159.25475524902345,32.13430617993907,159.25475524902345,169.00504638671876,Stop Loss,-104.43961358741558,-1.9999999999999944,3376.880839326437,7
JNJ,2025-01-21,2025-01-22,146.97352600097656,144.03405548095702,34.46417458172694,144.03405548095702,152.85246704101564,Stop Loss,-101.30642517979311,-2.000000000000006,3275.574414146644,1
JNJ,2025-01-23,2025-01-27,145.47552490234375,151.29454589843752,33.77448972614646,142.56601440429688,151.29454589843752,Take Profit,196.53446484879956,4.000000000000013,3472.1088789954433,4
JNJ,2025-01-29,2025-02-13,149.94970703125,155.9476953125,34.73273420539438,146.950712890625,155.9476953125,Take Profit,208.3265327397266,4.000000000000002,3680.43541173517,15
JNJ,2025-02-19,2025-02-24,157.88999938964844,164.20559936523438,34.96518550220919,154.73219940185547,164.20559936523438,Take Profit,220.8261247041102,4.000000000000002,3901.26153643928,5
PG,2024-03-27,2024-04-03,158.6944122314453,155.5205239868164,36.87522592871346,155.5205239868164,165.04218872070314,Stop Loss,-117.0378460931784,-1.999999999999995,3784.2236903461016,7
PG,2024-04-24,2024-06-24,159.7093048095703,166.09767700195314,35.541670801756666,156.5151187133789,166.09767700195314,Take Profit,227.0534214207671,4.0000000000000115,4011.277111766869,61
PG,2024-06-26,2024-07-01,164.47308349609375,161.18362182617187,36.582980872935366,161.18362182617187,171.0520068359375,Stop Loss,-120.33831335300606,-2.0000000000000013,3890.938798413863,5
PG,2024-07-19,2024-07-30,165.9662322998047,162.6469076538086,35.16623903998614,162.6469076538086,172.60488159179687,Stop Loss,-116.72816395241588,-1.999999999999998,3774.210634461447,11
PG,2024-08-02,2024-08-05,168.06106567382812,164.69984436035156,33.68606481812758,164.69984436035156,174.78350830078125,Stop Loss,-113.22631903384342,-2.0,3660.9843154276036,3
PG,2024-08-07,2024-08-12,168.0017852783203,164.6417495727539,32.68701260551444,164.6417495727539,174.72185668945312,Stop Loss,-109.82952946282809,-2.0000000000000067,3551.1547859647753,5
PG,2024-08-14,2024-09-04,166.7962646484375,173.468115234375,31.93556036865982,163.46033935546873,173.468115234375,Take Profit,213.0692871578856,4.0000000000000036,3764.224073122661,21
PG,2024-09-10,2024-09-11,175.67953491210938,172.1659442138672,32.13997642075272,172.1659442138672,182.70671630859377,Stop Loss,-112.92672219367984,-1.9999999999999973,3651.2973509289814,1
PG,2024-09-16,2024-09-18,175.13607788085938,171.6333563232422,31.27251730576788,171.6333563232422,182.14152099609376,Stop Loss,-109.53892052786944,-1.999999999999995,3541.758430401112,2
PG,2024-11-21,2024-11-27,171.7030029296875,178.57112304687502,30.940854585852435,168.26894287109374,178.57112304687502,Take Profit,212.50550582406672,4.000000000000009,3754.263936225179,6
PG,2025-01-30,2025-02-14,167.41000366210938,164.06180358886718,33.63834765635532,164.06180358886718,174.10640380859377,Stop Loss,-112.62791808675536,-2.0000000000000058,3641.6360181384234,15
